<?xml version="1.0" encoding="UTF-8"?>
<metadata xml:lang="en"><Esri><CreaDate>20210219</CreaDate><CreaTime>17023400</CreaTime><ArcGISFormat>1.0</ArcGISFormat><SyncOnce>TRUE</SyncOnce><DataProperties><lineage><Process ToolSource="c:\program files\arcgis\pro\Resources\ArcToolbox\toolboxes\Data Management Tools.tbx\CreateFeatureclass" Date="20210219" Time="163708">CreateFeatureclass I:\Data_Library_Management\Divvy_Stations\DivvyStations_Chicago_202102 DivvyStations_Chicago_202102.shp Point # No No "GEOGCS['GCS_WGS_1984',DATUM['D_WGS_1984',SPHEROID['WGS_1984',6378137.0,298.257223563]],PRIMEM['Greenwich',0.0],UNIT['Degree',0.0174532925199433]];-400 -400 1000000000;-100000 10000;-100000 10000;8.98315284119521E-09;0.001;0.001;IsHighPrecision" # 0 0 0 #</Process><Process ToolSource="c:\program files\arcgis\pro\Resources\ArcToolbox\toolboxes\Data Management Tools.tbx\AddField" Date="20210219" Time="163712">AddField I:\Data_Library_Management\Divvy_Stations\DivvyStations_Chicago_202102\DivvyStations_Chicago_202102.shp STATION_ID Text # # 25 # NULLABLE NON_REQUIRED #</Process><Process ToolSource="c:\program files\arcgis\pro\Resources\ArcToolbox\toolboxes\Data Management Tools.tbx\AddField" Date="20210219" Time="163715">AddField I:\Data_Library_Management\Divvy_Stations\DivvyStations_Chicago_202102\DivvyStations_Chicago_202102.shp NAME Text # # 140 # NULLABLE NON_REQUIRED #</Process><Process ToolSource="c:\program files\arcgis\pro\Resources\ArcToolbox\toolboxes\Data Management Tools.tbx\AddField" Date="20210219" Time="163718">AddField I:\Data_Library_Management\Divvy_Stations\DivvyStations_Chicago_202102\DivvyStations_Chicago_202102.shp DOCKS "Short (small integer)" # # # # NULLABLE NON_REQUIRED #</Process><Process ToolSource="c:\program files\arcgis\pro\Resources\ArcToolbox\toolboxes\Data Management Tools.tbx\AddField" Date="20210219" Time="163721">AddField I:\Data_Library_Management\Divvy_Stations\DivvyStations_Chicago_202102\DivvyStations_Chicago_202102.shp LATITUDE "Double  (double precision)" # # # # NULLABLE NON_REQUIRED #</Process><Process ToolSource="c:\program files\arcgis\pro\Resources\ArcToolbox\toolboxes\Data Management Tools.tbx\AddField" Date="20210219" Time="163725">AddField I:\Data_Library_Management\Divvy_Stations\DivvyStations_Chicago_202102\DivvyStations_Chicago_202102.shp LONGITUDE "Double  (double precision)" # # # # NULLABLE NON_REQUIRED #</Process><Process ToolSource="c:\program files\arcgis\pro\Resources\ArcToolbox\toolboxes\Data Management Tools.tbx\DeleteField" Date="20210219" Time="163729">DeleteField I:\Data_Library_Management\Divvy_Stations\DivvyStations_Chicago_202102\DivvyStations_Chicago_202102.shp Id</Process></lineage></DataProperties></Esri></metadata>
